team,short_range_fgm,short_range_fga,short_range_fg_pct,mid_range_fgm,mid_range_fga,mid_range_fg_pct,long_range_fgm,long_range_fga,long_range_fg_pct,three_range_fgm,three_range_fga,three_range_fg_pct,season
Atlanta Hawks,24.1,40.8,59.1,4.8,11.5,42.1,1,2.5,39.7,13.2,36.8,35.8,2024
Boston Celtics,18.2,29,62.7,4.1,8.9,45.9,1.6,3.9,39.9,17.8,48,37.1,2024
Brooklyn Nets,19.3,35.1,55,3.8,9.3,40.9,1.1,2.7,41,13.5,38.9,34.7,2024
Charlotte Hornets,19.5,35.5,54.8,4.3,11.5,37.6,1.4,3.6,38.1,13.3,38.7,34.4,2024
Chicago Bulls,22.4,37.8,59.1,3.9,8.4,46.3,1.2,3.3,36,15.5,42.4,36.7,2024
Cleveland Cavaliers,21.8,34.7,62.7,5.6,10.8,51.3,1.3,3.5,35.9,15.9,41.2,38.5,2024
Dallas Mavericks,21.7,36.1,60.2,5.6,12.5,44.6,1.9,4.6,40.9,12.9,35.1,36.9,2024
Denver Nuggets,26.1,41.5,62.9,4.5,10.3,44.1,2.7,6.3,42.9,12.1,31.3,38.6,2024
Detroit Pistons,23.4,39.2,59.7,5.3,11.5,45.8,1.4,3.8,37.1,12.7,34.9,36.4,2024
Golden State Warriors,20.6,36,57.2,3.5,8.6,40.6,1.4,3.9,34.8,15.3,42,36.5,2024
Houston Rockets,21.9,38.7,56.7,5.5,13,42.3,2.2,5.8,37,12.4,35.5,35,2024
Indiana Pacers,21.9,34.5,63.5,6.3,13.3,47.3,2.2,5.6,38.8,13,35,37.1,2024
LA Clippers,21.5,36.2,59.4,5.9,12.8,46,1.4,3.6,39.6,12.3,33.6,36.5,2024
Los Angeles Lakers,21.3,33.8,63,4.8,11.1,43,1.9,4.9,39.9,12.9,35.6,36.2,2024
Memphis Grizzlies,23.6,39.8,59.4,6.6,13.8,47.6,1,2.6,40.1,13.7,37.1,36.9,2024
Miami Heat,19.5,33.8,57.8,5.4,12.1,44.8,1.2,2.8,44.2,13.5,37.4,36.1,2024
Milwaukee Bucks,19.1,31.2,61.2,5,10.9,45.7,3.5,7.7,45.3,14.1,36.7,38.3,2024
Minnesota Timberwolves,20.3,34.4,59.1,4.1,9.9,41.1,1,3.1,33,15.2,39.7,38.2,2024
New Orleans Pelicans,21.2,37.7,56.1,5.7,12.9,43.9,1.8,4.6,39,12.2,34.7,35.1,2024
New York Knicks,22.6,37.6,60.1,6.7,13.6,49,1.6,4,40.1,12.6,34,37,2024
Oklahoma City Thunder,20.8,34,61.3,7.5,15.6,48.4,1.7,4.1,41.3,14.4,38.9,37,2024
Orlando Magic,20.6,34.6,59.5,4.4,11,39.9,1.9,5,38.5,10.9,34.8,31.4,2024
Philadelphia 76ers,20.6,35.5,58.2,4.5,9.8,45.5,1.8,4.8,37.6,12.8,36.7,34.9,2024
Phoenix Suns,15.9,25.9,61.5,8.4,17.1,49.3,2.6,5.4,48,14.5,37.6,38.5,2024
Portland Trail Blazers,22.1,38.8,57,3.6,9,39.8,1.8,4.5,40.8,13,37,35,2024
Sacramento Kings,20,31.7,63.2,7.1,15.1,46.8,3.5,8,44,12.6,35.5,35.5,2024
San Antonio Spurs,22,36.1,61,4.1,9.6,42.5,1.9,4.6,40.4,14,39.2,35.8,2024
Toronto Raptors,23.1,41.2,56,5.7,12.6,45.6,1,3,32.7,11.5,32.8,35,2024
Utah Jazz,20.7,34.9,59.2,4.7,11.2,42.1,1,2.8,36.7,13.9,39.1,35.5,2024
Washington Wizards,20.9,36,58,3.9,10.7,36.8,1.6,4.3,37.2,13.2,39.1,33.8,2024
Atlanta Hawks,21.1,37.3,56.6,6.2,13.2,46.9,2,4.3,47,13.7,37.5,36.6,2023
Boston Celtics,20.9,32.9,63.5,4.6,10,45.4,2,4.8,41.8,16.5,42.3,38.9,2023
Brooklyn Nets,20.8,35.9,57.8,5,11.8,42.1,1.7,4.7,35.3,13.3,36.4,36.4,2023
Charlotte Hornets,21.2,35.5,59.7,4.8,11.8,40.5,2,5.7,35.1,12.1,33.7,35.7,2023
Chicago Bulls,21.3,36.8,58,6,12.7,47.5,3.2,7.9,40.3,11.5,31.9,36,2023
Cleveland Cavaliers,22.3,37.2,60,4.5,9.8,46.3,1.4,3.4,41.7,13.5,36.6,36.8,2023
Dallas Mavericks,20.6,32.5,63.6,5.6,11.9,46.7,2.3,5.7,40.2,14.6,39.3,37.1,2023
Denver Nuggets,24,39.1,61.2,5,11.1,45,3.4,7.4,46.3,11.7,30.9,37.8,2023
Detroit Pistons,21.9,37.7,58,5.9,13.3,44.4,2.1,5.5,37.6,11,31.5,35.1,2023
Golden State Warriors,22,36.1,60.9,4.3,10.3,41.9,2.6,6.3,40.9,14.7,38.7,38.1,2023
Houston Rockets,22,38.5,57.2,4.6,10.3,44.7,2.5,6,40.5,12.7,35.7,35.6,2023
Indiana Pacers,25.7,41.2,62.5,5.9,12,49.7,2.1,4.3,49.7,13.2,35.1,37.6,2023
LA Clippers,21.2,34.7,61.2,6.3,13.4,46.9,2.2,5.4,40.3,12.6,33,38.2,2023
Los Angeles Lakers,24.6,38.8,63.4,5.2,11.7,44.3,2.1,5.7,36.7,11.8,31.1,37.9,2023
Memphis Grizzlies,19.9,36.8,54.2,4.1,10.1,40.6,1.3,3.5,36,13.1,37.5,34.8,2023
Miami Heat,19.7,33.9,58.2,5.8,13.5,43.4,1.8,4.6,39.3,12.5,33.5,37.2,2023
Milwaukee Bucks,21.1,32.9,64,5,11.1,44.8,2.9,6.4,45.5,14.2,38,37.4,2023
Minnesota Timberwolves,22.3,36.8,60.5,4.8,11.5,41.9,1.5,4.1,37.6,12.6,32.5,38.9,2023
New Orleans Pelicans,22.6,38,59.4,5.3,11.9,44.7,2.1,4.9,43.4,12.5,32.3,38.6,2023
New York Knicks,20.1,34.7,58,6.4,14,45.3,1.6,4.1,38.6,13.2,35.7,36.9,2023
Oklahoma City Thunder,22.2,36.3,61.3,6.9,13.8,49.8,2.2,5.1,42.4,13.3,34.1,38.9,2023
Orlando Magic,23.5,38.8,60.7,4.3,10.6,40.7,1.6,4.2,37.5,11,31.1,35.4,2023
Philadelphia 76ers,21.6,37.8,57.1,5.5,12.7,43.1,2.4,5.6,42,12.1,33.2,36.4,2023
Phoenix Suns,19.4,31.6,61.3,7.4,15,49.1,3.3,6.9,47.3,12.4,32.5,38.2,2023
Portland Trail Blazers,20.6,38.5,53.4,4.8,12,40.2,2.5,6,41.7,11.5,33,34.7,2023
Sacramento Kings,21.8,35.1,62.1,5.5,12.2,45.1,1.7,4.4,38.1,14.4,39.2,36.7,2023
San Antonio Spurs,23.1,38.1,60.6,4.7,11.6,40.2,1.6,4.6,33.9,12.6,36.2,34.9,2023
Toronto Raptors,24.4,40.8,59.8,4.5,11,40.7,1.9,4.9,39.5,11.5,33,34.9,2023
Utah Jazz,23.4,39.5,59.2,4.6,10.9,41.9,1.1,2.9,36.9,12.9,36.3,35.7,2023
Washington Wizards,24.5,40.4,60.5,4.7,11.6,40.1,1.5,3.8,38.5,12.4,35.3,35,2023
Atlanta Hawks,22.3,36.9,60.4,7.8,16.4,47.7,3.8,8.5,43.9,10.7,30.4,35.4,2022
Boston Celtics,20.6,33.4,61.9,3.9,8.6,45.1,1.7,4.3,39.5,16,42.4,37.8,2022
Brooklyn Nets,18.4,30.6,60.2,6.8,13.8,49.6,3.4,6.9,49.6,12.8,33.7,37.9,2022
Charlotte Hornets,23.5,41,57.4,5,11.6,42.9,2,5.3,38.3,10.7,32.4,33.2,2022
Chicago Bulls,21.6,34.6,62.4,5.8,12.6,45.9,4.8,10.8,44.4,10.4,28.8,36.1,2022
Cleveland Cavaliers,22.6,36.6,61.7,5.6,12.3,45.8,1.8,4.7,37.6,11.6,31.4,36.9,2022
Dallas Mavericks,18.7,29.9,62.5,4.6,9.5,48.5,1.6,4,39.7,15.2,40.6,37.4,2022
Denver Nuggets,24.8,38.7,64.2,4.2,9.9,42,2.8,6.7,42,11.8,30.8,38.2,2022
Detroit Pistons,20.1,35.4,56.9,5.6,13.3,41.8,2.5,6.1,41.6,11.3,32.1,35.3,2022
Golden State Warriors,20.7,32.8,63.2,3.4,8.4,40.4,2.4,5.9,41.1,16.6,42.8,38.8,2022
Houston Rockets,24.7,43.5,56.9,3.8,9.1,42.2,1.6,4.3,36.6,10.4,31.7,32.9,2022
Indiana Pacers,22.4,38.4,58.3,4.4,10.1,43.6,1.6,4.1,40.3,13.5,36.7,36.8,2022
LA Clippers,19.6,32.5,60.3,5.6,12.3,45.2,3.2,8,40.5,12.7,33.1,38.3,2022
Los Angeles Lakers,24.6,39.8,61.8,4.7,11,42.8,2.8,7.1,39.9,10.8,31,34.7,2022
Memphis Grizzlies,24.6,41.4,59.5,6,13.5,44.1,1.1,3,37.7,12,34,35.3,2022
Miami Heat,18.5,31.3,59.2,6.9,14.7,46.8,1.9,4.5,41.1,11.9,34.6,34.5,2022
Milwaukee Bucks,20.6,32.8,62.9,4.6,11,42.3,2.7,6.4,41.6,14.8,40.1,37,2022
Minnesota Timberwolves,24.3,39.6,61.5,4.6,10.1,45.6,1.9,4.6,40.6,12.1,32.9,36.7,2022
New Orleans Pelicans,23.6,39.5,59.6,5.5,12.2,45.1,2,5.8,34.7,11,29.8,36.7,2022
New York Knicks,21.8,36.7,59.4,6.1,13.2,46.1,1.6,4,40.4,12.6,35.4,35.4,2022
Oklahoma City Thunder,23.8,42.4,56.2,5.4,12.1,44.8,1.7,4,43,12.1,33.9,35.8,2022
Orlando Magic,22.4,37.5,59.8,4.8,11.2,42.6,2.6,6.5,39.8,10.8,31,34.8,2022
Philadelphia 76ers,20.3,34.2,59.4,5.7,12.4,46.1,2.2,4.6,47.1,12.6,32.4,38.9,2022
Phoenix Suns,18.1,31,58.4,8.6,19,45.3,3.1,7.5,42.2,12.2,32.4,37.6,2022
Portland Trail Blazers,21.7,36.3,59.9,3.7,8.5,43.2,2.2,5.4,40.4,12.9,35.1,36.7,2022
Sacramento Kings,23,36.1,63.6,4.9,10.3,47,2,4.5,44.8,13.7,37.1,37,2022
San Antonio Spurs,23.6,40.8,57.9,6.3,14.7,42.6,2.1,4.9,42.9,11.1,31.9,34.7,2022
Toronto Raptors,22.9,38.7,59.2,5.3,12.8,41,3,7.9,38.5,10.7,31.7,33.8,2022
Utah Jazz,23.2,38.4,60.5,4.5,10.5,43.4,1.4,3.2,43.9,13.3,37.5,35.5,2022
Washington Wizards,22.5,36.2,62,5.7,12.6,45.4,2.7,6.4,42.3,11.2,31.4,35.6,2022
Atlanta Hawks,19.2,32.7,58.8,6,13.4,44.9,3.4,7.9,43,12.9,34.2,37.6,2021
Boston Celtics,20.8,33.7,61.7,4.2,10.3,41,2.5,6.4,39.5,13.2,36.9,35.8,2021
Brooklyn Nets,19.3,33.2,58.1,7.3,15.3,47.6,4,8.3,47.7,11.5,31.6,36.3,2021
Charlotte Hornets,23.5,40,58.6,3.6,8.9,40,1.8,4.3,42.1,13.9,37.8,36.8,2021
Chicago Bulls,19.7,32.6,60.4,6.5,14.2,45.7,5,11.5,43.4,10.6,28.5,37.2,2021
Cleveland Cavaliers,21.4,35.6,60,4.9,11.6,42,1.8,4.7,39.1,11.6,32.6,35.6,2021
Dallas Mavericks,18.2,29.4,61.9,5.7,12.5,45.4,2.4,6,39.4,13.1,37.1,35.2,2021
Denver Nuggets,22.6,35.7,63.3,3.8,8.6,43.8,2.6,6.1,42.9,12.7,35.6,35.6,2021
Detroit Pistons,20.9,37.6,55.6,3.5,9.9,35.7,2.4,6.5,37.4,11.3,34.4,32.8,2021
Golden State Warriors,20.8,32.9,63.2,3.2,8.3,38.1,2.3,6,38.3,14.3,39,36.6,2021
Houston Rockets,23.2,40,58.1,1.7,4.8,34.9,1,3,34.3,13.5,38.4,35.1,2021
Indiana Pacers,22.1,36.8,60.1,4.7,11.1,41.9,2.5,6.2,40.2,12.1,35,34.7,2021
LA Clippers,18,30.6,58.8,6.2,13.9,44.6,3.1,8.8,35.2,12.8,34,37.6,2021
Los Angeles Lakers,22.9,37.2,61.4,3.8,9.5,40.3,3,7.7,39.4,12,34.3,34.8,2021
Memphis Grizzlies,23.4,40.8,57.2,7,16.6,42.4,1.6,4.3,37,11.5,32.4,35.6,2021
Miami Heat,18.6,31.4,59.3,5.3,12.2,43.4,2.1,5.5,38.8,13.6,35.5,38.2,2021
Milwaukee Bucks,19.6,32.2,61,5.7,12.6,45.1,2.5,6.3,39.3,14,38.2,36.7,2021
Minnesota Timberwolves,21.8,37.4,58.2,3.5,8,43.5,1.6,4.5,36.3,14.7,40.8,36,2021
New Orleans Pelicans,21.3,36.7,58,5.5,12.2,45.2,2.8,7.1,39.3,10.6,31.7,33.3,2021
New York Knicks,18.1,32,56.5,4.1,10.9,37.6,2.4,6.5,36.4,13.1,36.7,35.7,2021
Oklahoma City Thunder,20.9,38.7,54.1,4,9.4,42.2,1.4,3.7,36.3,12.1,37.2,32.4,2021
Orlando Magic,20.4,36.4,56.2,3.9,9.5,40.4,1.8,5.7,32.3,12.2,36.5,33.3,2021
Philadelphia 76ers,19.4,32.9,59.1,5.8,13.9,41.7,2.6,6.1,42.3,11.5,31.4,36.7,2021
Phoenix Suns,19.8,32.3,61.5,8.9,18.1,49.1,3.4,7.8,43.1,11.6,31.7,36.5,2021
Portland Trail Blazers,19.6,35,55.9,3.8,9.2,40.8,2.5,6.2,41,12.7,36.6,34.6,2021
Sacramento Kings,21.1,36,58.5,5.3,12.6,42.4,2.7,6.3,42.4,11.4,33,34.6,2021
San Antonio Spurs,22.3,38.6,57.8,7,15.7,44.6,2.7,6.5,41.6,11.2,31.7,35.3,2021
Toronto Raptors,20.2,35.7,56.7,5.3,12.7,41.7,3.2,8.8,36.6,11.9,33.9,35,2021
Utah Jazz,20.7,33.6,61.5,4.4,9.8,45,1,2.5,40.2,14.5,40.1,36.1,2021
Washington Wizards,21.7,35.4,61.4,5.3,12.7,41.4,3.1,7.4,42.6,10.5,30.5,34.4,2021
Atlanta Hawks,19.8,34.9,56.7,6.3,13.7,45.6,2.3,5.3,43.9,12.4,33.2,37.5,2020
Boston Celtics,20.5,34.6,59.2,4.7,11.6,40.7,2.6,6.3,42,13.6,36.1,37.6,2020
Brooklyn Nets,21.4,35,61,5.4,11.3,47.8,2.2,4.9,45,14.2,35.9,39.4,2020
Charlotte Hornets,20.5,36.8,55.7,3.8,8.9,42.4,2,5.2,39.1,13.7,36.8,37.1,2020
Chicago Bulls,22.3,37.5,59.6,4.3,10.3,42.3,2.9,7,42.3,12.5,33.8,37.2,2020
Cleveland Cavaliers,22.5,40.8,55.2,4.6,11.2,41.4,1.4,4,35.6,10,29.7,33.6,2020
Dallas Mavericks,18.5,30.1,61.6,6.1,12.9,47.1,2.7,6.2,42.8,13.8,37.9,36.4,2020
Denver Nuggets,22.2,36.1,61.4,5.2,11.8,43.8,3,7.1,42.9,12.9,34,37.9,2020
Detroit Pistons,21.9,38.8,56.4,3.2,8.7,37.1,2,5.2,38.4,11.5,32.8,35.2,2020
Golden State Warriors,20.4,33.4,61.2,3.6,9,39.3,2.8,7.1,39.2,14.5,38.4,37.8,2020
Houston Rockets,21.9,37.4,58.7,2,5.6,35.2,1.6,5,31.5,13.8,40.4,34,2020
Indiana Pacers,24.2,41.7,58,4.7,10.7,43.9,2.1,4.9,41.8,12.3,33.9,36.4,2020
LA Clippers,17.9,30,59.5,6.1,13.8,44.2,3.6,8.3,43.5,14.2,34.5,41.3,2020
Los Angeles Lakers,22.4,36.7,61,4.9,11.6,42.2,2.3,6.6,35,11,31,35.5,2020
Memphis Grizzlies,21.9,37.9,57.6,8.2,18.3,44.7,1.7,4.2,39.6,11.1,31.3,35.6,2020
Miami Heat,19.6,31.6,62,4.6,10.6,43.4,2.1,5.3,39,12.9,36,36,2020
Milwaukee Bucks,21.6,35,61.8,5.5,12.2,44.9,3.2,7.5,42.5,14.4,36.9,39.1,2020
Minnesota Timberwolves,22.9,40.3,56.8,2.9,8.1,35.8,1.9,5.1,37.3,13,37.3,34.9,2020
New Orleans Pelicans,24.8,42.1,58.8,4.3,10.3,41.8,2.9,6.3,46,10.5,30.2,34.9,2020
New York Knicks,18.8,34.7,54.1,5.7,13.9,40.9,3.2,7.9,41,11.7,29.9,39.2,2020
Oklahoma City Thunder,21.3,38.8,54.8,4,9.8,41,1.7,4.4,38.1,11.8,34.8,34.1,2020
Orlando Magic,17.5,33.3,52.6,6.1,14.4,42.2,3.8,9.8,38.6,10.9,31.6,34.5,2020
Philadelphia 76ers,20.1,34.9,57.5,6.6,13.9,47.2,3.5,7.9,43.9,11.3,30,37.6,2020
Phoenix Suns,18.2,29.1,62.5,8.4,16.6,50.8,3.6,8,45.2,13.1,34.4,37.9,2020
Portland Trail Blazers,17.9,32.2,55.8,4.2,10,42.2,3.4,8.2,41.9,15.7,40.6,38.7,2020
Sacramento Kings,22.2,37.2,59.7,6.3,13.2,47.6,2,4.9,39.9,12.1,33.1,36.6,2020
San Antonio Spurs,20.1,35.2,57.1,7.6,17.4,43.7,4.2,9.5,44.2,9.9,28.3,35.1,2020
Toronto Raptors,20,35.8,55.8,3.2,8.1,40,2.1,5.5,37.8,14.4,39.1,36.9,2020
Utah Jazz,18.8,32,58.9,4.5,10,45.2,1.2,3.1,37.4,16.7,42.8,39.1,2020
Washington Wizards,23.7,39.1,60.6,5.2,12.6,41.4,4.1,10.3,39.8,10.2,28.8,35.3,2020
Atlanta Hawks,21.7,37.2,58.4,4.9,11.9,40.9,2,5.4,37.6,12,35.8,33.5,2019
Boston Celtics,21.1,37.3,56.7,4.9,11.4,43.2,2.7,6.4,41.9,12.6,34.2,36.7,2019
Brooklyn Nets,22.5,39.6,56.8,3.3,8.7,37.3,1.6,3.9,41.2,13,37.9,34.4,2019
Charlotte Hornets,21,39.6,53,2.9,8.2,35.3,1.4,3.8,35.6,12.1,34.1,35.4,2019
Chicago Bulls,23,41.4,55.5,2.7,7.2,37.1,1.7,4.9,35.6,12.2,34.9,34.9,2019
Cleveland Cavaliers,21.8,38.4,56.7,5.4,12.6,42.4,2,5.1,38.4,11.2,31.7,35.3,2019
Dallas Mavericks,20.1,33.3,60.4,4.4,11,39.7,2.1,4.8,42.5,15.1,40.9,37,2019
Denver Nuggets,22,37.4,58.8,5.3,12.7,41.8,3.8,8.3,45.8,10.9,30.2,36.1,2019
Detroit Pistons,22.1,39.5,55.9,3.5,9.3,37.8,1.8,4.3,40.4,11.9,32.4,36.9,2019
Golden State Warriors,18.7,33.2,56.3,5.2,12.5,41.4,4.3,11.2,38.6,10.4,31.1,33.6,2019
Houston Rockets,21.8,36.4,59.8,2.1,5.5,37.3,1.3,3.3,40.3,15.6,45.1,34.6,2019
Indiana Pacers,21.6,36.8,58.9,6,13.5,44.8,4.3,10.2,42,10.2,27.9,36.5,2019
LA Clippers,21,36,58.4,5.2,12.5,41.6,2.9,7.3,40.2,12.4,33.2,37.3,2019
Los Angeles Lakers,24.4,38.6,63.3,3.9,9.7,39.9,3,8.5,35.6,11,31.4,35.1,2019
Memphis Grizzlies,23.2,40,58.1,6.2,13.9,44.5,2.2,5.5,39.7,10.9,31.2,34.9,2019
Miami Heat,19.4,31.9,60.8,4.1,10.6,39,2.5,6.5,38.4,13.4,35.1,38.2,2019
Milwaukee Bucks,22,35.5,62,4.8,10.7,44.6,2.7,5.8,46.6,13.8,38.8,35.5,2019
Minnesota Timberwolves,22.8,40.4,56.3,3,7.9,37.6,1.3,3.7,36.4,13.3,39.5,33.7,2019
New Orleans Pelicans,22.8,38.6,59,3.9,10.2,38,2.3,6,38.4,13.6,36.6,37.2,2019
New York Knicks,21.6,38.5,56,4.8,11.8,40.4,4.1,10.7,38.4,9.5,28.2,33.8,2019
Oklahoma City Thunder,19.6,34,57.6,6.2,14,44.6,3.5,7.4,46.8,10.7,29.8,35.8,2019
Orlando Magic,19.4,33.9,57.2,5.7,14.1,40.4,3.2,8.4,38,11,31.8,34.7,2019
Philadelphia 76ers,21,35.3,59.4,5.4,13.3,40.7,3.1,7.7,39.9,11.6,31.4,37,2019
Phoenix Suns,21.1,35.8,58.8,5.9,13.5,43.9,2.8,7.1,40.1,11.4,31.6,36,2019
Portland Trail Blazers,19.7,34.5,57.1,5.7,13.8,41.5,3.9,8.8,44.3,12.8,33.9,37.9,2019
Sacramento Kings,20.6,35.2,58.5,4.8,11.7,41,2.8,6.6,42.3,12.7,34.8,36.5,2019
San Antonio Spurs,18.2,30.9,59,7.7,17,45.1,5.6,13.1,42.6,10.7,28.2,37.9,2019
Toronto Raptors,22.2,38.8,57.1,2.4,7,34.9,1.8,5.2,34.9,13.8,36.7,37.6,2019
Utah Jazz,20.1,34.4,58.3,4.9,11.4,43,1.8,4.1,42.7,13.3,34.9,38.3,2019
Washington Wizards,20.6,35.7,57.8,5,12.5,39.9,3.9,10.2,38.5,12,32.3,37.1,2019
Atlanta Hawks,22.7,39.9,56.7,4.1,10.5,38.9,1.7,4.4,37.9,13,36.7,35.3,2018
Boston Celtics,19.6,32.8,59.8,5.9,13.4,44,4,9.9,40.7,12.6,34.4,36.6,2018
Brooklyn Nets,21.6,39,55.5,4.3,10.3,41.4,1.7,4.4,38.3,12.7,35.9,35.4,2018
Charlotte Hornets,20.6,37.6,54.9,4.7,10.8,43.7,3,7.5,39.5,11.9,33.5,35.5,2018
Chicago Bulls,22.5,40.6,55.5,5,12.6,39.6,3.3,8.8,36.8,9.1,25.7,35.3,2018
Cleveland Cavaliers,19.3,35.5,54.4,5.7,13.8,41.3,3.5,9.2,38.7,10.3,29,35.6,2018
Dallas Mavericks,19.8,33.8,58.7,4.4,10.8,40.8,2.1,5.7,36.7,12.5,36.2,34.4,2018
Denver Nuggets,23,40.1,57.3,5.5,12.2,44.6,2.6,6.5,39.7,10.9,31,35.2,2018
Detroit Pistons,20.6,37.8,54.4,3.5,9.3,37.5,2.7,6.4,41.9,12.1,34.4,35.2,2018
Golden State Warriors,18.9,29.6,63.8,6.2,13.3,46.7,5.7,12.4,45.7,13.2,34.2,38.7,2018
Houston Rockets,19.6,33.6,58.3,2.5,6.2,40.6,1,2.2,45.3,16.1,45.2,35.6,2018
Indiana Pacers,22.1,38.1,57.9,4.3,10.3,41.8,5.5,13.3,41.3,9.5,25.2,37.6,2018
LA Clippers,22.4,40,55.9,5.6,13.1,42.3,3.4,8.7,38.6,10,25.5,39.1,2018
Los Angeles Lakers,25.7,43,59.9,3.5,9.4,37.1,3,7.3,41.7,10.3,30.8,33.5,2018
Memphis Grizzlies,19.9,35.2,56.5,5,12.3,40.6,3.2,8,39.5,9.9,28.7,34.4,2018
Miami Heat,21.8,37.6,57.9,4.5,12.4,36.5,2,5.7,35.9,11.3,32.1,35.2,2018
Milwaukee Bucks,24.6,39.9,61.7,3.4,8.2,41.5,1.9,4.9,38.4,13.5,38,35.4,2018
Minnesota Timberwolves,22.3,39.1,57,5,12.4,40.3,4.3,11.1,38.9,10,28.4,35.2,2018
New Orleans Pelicans,25.6,42.9,59.7,5.6,13.1,42.7,2.2,6.4,34.9,10.2,29.6,34.4,2018
New York Knicks,19.6,36.1,54.4,4.4,11.9,36.7,4.2,10.8,38.7,10,29.3,34.1,2018
Oklahoma City Thunder,23.5,41,57.2,4.9,12.8,38,3,7.5,39.1,11.3,32.3,35.1,2018
Orlando Magic,19.4,33.4,58.1,5,12.1,41.3,4.6,11.5,40,11.4,31.8,35.9,2018
Philadelphia 76ers,21.9,36.5,60.2,5.2,12.7,41.2,3.6,9,39.9,10.8,30,36.1,2018
Phoenix Suns,21.4,36.6,58.5,5.9,13.5,43.7,3.2,8.1,39.9,9.6,29,33.1,2018
Portland Trail Blazers,22.4,39.2,57,4.7,10.8,43.9,4.2,9.8,42.6,11,30.6,36,2018
Sacramento Kings,22.7,39.9,56.9,5.3,13.6,39.3,3.9,9.7,39.6,11.3,29.7,38,2018
San Antonio Spurs,18.2,30.5,59.5,8,18.1,44.1,6.2,14.5,43,9.9,25,39.5,2018
Toronto Raptors,22,37.2,59.1,4.7,10.7,43.5,3.2,7.4,43,12.4,33.6,36.8,2018
Utah Jazz,22.5,37.8,59.5,3.5,9,39.3,2.3,5.5,41.2,12.1,33.8,35.8,2018
Washington Wizards,23.1,37.4,61.7,4.1,10.4,39.9,3.6,9,39.8,11.3,33.1,34.2,2018
Atlanta Hawks,18.3,32.8,55.7,4.4,11.3,39.1,4.3,10.5,41.2,11.1,30.6,36.4,2017
Boston Celtics,17.5,32.4,54.2,5,12.1,41.1,4.4,10.2,42.7,11.4,30.1,38,2017
Brooklyn Nets,19.5,35.1,55.5,4.2,10.6,39.2,1.9,5.4,35.2,12.7,35.4,35.8,2017
Charlotte Hornets,19,33.8,56.2,5.5,13.6,40.3,4.4,12,37,10,26.9,37.3,2017
Chicago Bulls,18.5,34.2,54.2,4.5,11.6,39.1,4.5,12,37.8,11,30.9,35.8,2017
Cleveland Cavaliers,20.4,32.3,63,4.1,10.2,40.7,3.9,10.2,38.7,11.9,31.9,37.4,2017
Dallas Mavericks,17.1,29.8,57.6,4.5,11.5,38.5,4.8,11.8,40.5,11.8,32.5,36.2,2017
Denver Nuggets,22.2,38.6,57.6,4.5,10.7,42.2,2.5,6.4,39,11.5,30.5,37.5,2017
Detroit Pistons,19,34.9,54.4,5.4,13.1,41.5,3.9,10.1,38.6,10.8,28.6,37.7,2017
Golden State Warriors,18.9,29.5,64.2,6.9,14.5,47.6,5.7,12.3,46.3,11.3,28.5,39.5,2017
Houston Rockets,18.9,31.5,59.9,3,6.8,43.6,1.6,3.7,43.2,15.3,42.1,36.4,2017
Indiana Pacers,19.9,34.5,57.8,4.9,10.9,44.8,7,16.5,42.2,9,24.2,37.2,2017
LA Clippers,23.9,40.8,58.5,4,10.1,39.7,2.9,7.8,37.8,9.5,26.6,35.6,2017
Los Angeles Lakers,23.7,40.4,58.7,3.8,10.5,36,3.2,8.5,37.8,10,28.8,34.7,2017
Memphis Grizzlies,19,34.5,55.2,4.1,11.1,37,4.4,10.9,40,9.2,25.9,35.6,2017
Miami Heat,20.1,34.8,57.8,4.4,11,40.1,3.3,8.9,36.6,11,30.3,36.3,2017
Milwaukee Bucks,21,35.2,59.7,5.7,12.6,45,4.3,10.6,40.6,8.7,24.5,35.7,2017
Minnesota Timberwolves,21.5,36,59.8,6.3,14.8,42.6,5.2,12.9,40.2,8,22.3,35.9,2017
New Orleans Pelicans,23.2,38.2,60.6,5.5,12.3,44.8,3.8,9.6,39.5,10.2,28,36.4,2017
New York Knicks,19.9,34.4,57.9,7,16.1,43.4,5.6,13.9,40,8.2,23.1,35.6,2017
Oklahoma City Thunder,20,34,58.7,4.6,11.5,40,4.6,12.2,37.8,10.7,30.1,35.6,2017
Orlando Magic,20,34.1,58.7,4.6,12.9,36,3.9,9.7,40.2,10.3,29.1,35.3,2017
Philadelphia 76ers,21.1,34.9,60.6,4.8,12.6,38.3,3.9,9.3,42,11,29.6,37.2,2017
Phoenix Suns,20.4,36.6,55.7,5.3,13.3,39.9,3.4,9.3,37,9.3,27.7,33.6,2017
Portland Trail Blazers,19,35.2,53.9,5.4,12.6,42.9,4.6,11,41.8,10.3,28.1,36.7,2017
Sacramento Kings,18.5,33.9,54.7,5.7,14.6,38.8,5.6,13.8,40.8,9,23.6,38,2017
San Antonio Spurs,18.9,32.8,57.5,6.8,16.2,42,4.9,12.3,40,8.5,23.8,35.5,2017
Toronto Raptors,22,36.9,59.8,4.7,11.1,42.3,2.7,6.6,41.7,11.8,32.6,36.1,2017
Utah Jazz,19.4,33.3,58.4,4.4,11.1,39.4,3.7,9,40.9,10.8,29.4,36.8,2017
Washington Wizards,17.9,30.4,59,6.9,16,43.4,5.2,12.8,40.3,9.9,26.2,37.8,2017
Atlanta Hawks,19.7,35.2,56,4,10.3,38.7,5.5,12.8,42.9,8.9,25.8,34.4,2016
Boston Celtics,19.4,34,56.9,3.4,8.2,41.8,3.8,9.5,40.6,12,33.1,36.2,2016
Brooklyn Nets,21,38,55.3,3.9,9.6,40.3,2.2,5.9,37.6,10.7,31.3,34.1,2016
Charlotte Hornets,18,32.3,55.7,4.8,11.5,41.4,4.9,13,38,10,28.4,35.4,2016
Chicago Bulls,20,35.7,55.9,5.2,13.5,38.6,5.9,15.6,37.7,7.6,22.2,34.3,2016
Cleveland Cavaliers,18.7,31.4,59.5,4.1,9.9,41.4,4.1,9.7,42.7,13,33.7,38.6,2016
Dallas Mavericks,14.1,24.7,57.1,5.3,11.8,44.6,6.1,15.6,39,10.7,29.9,35.8,2016
Denver Nuggets,23.4,40.4,57.8,3.5,9,38.5,3.8,9.5,39.7,10.6,28.5,37.2,2016
Detroit Pistons,19.1,34.9,54.7,7.3,16.6,43.8,5.8,13.9,41.6,7.7,22.9,33.5,2016
Golden State Warriors,20.9,33,63.4,4.9,11.5,42.3,5.3,11.3,46.8,12,30.8,38.8,2016
Houston Rockets,22.2,37,60,2.1,5.5,37.7,1.6,4.4,37.4,14.4,40,35.9,2016
Indiana Pacers,18.8,33.1,56.7,5,11.9,41.7,6.9,16.5,41.8,8.5,22.6,37.8,2016
LA Clippers,18.6,31.1,59.7,3.5,8.3,42.5,7.2,16.4,43.8,10.1,26.8,37.8,2016
Los Angeles Lakers,21.7,39,55.8,4.7,12.4,37.7,4,10.3,39,8.8,25.2,34.9,2016
Memphis Grizzlies,18.6,35,53,3.9,10,38.6,4.6,12,38.1,9.3,26,35.9,2016
Miami Heat,20,35.5,56.4,4.8,12,39.8,4.4,11.3,38.8,9.8,26.7,36.8,2016
Milwaukee Bucks,23.3,40.4,57.6,3.4,8.9,37.6,3.4,8.8,38.7,8.7,23.4,37.2,2016
Minnesota Timberwolves,21.4,36.8,58.3,4.4,10.9,39.9,6.3,15.7,40.3,7.3,20.8,35.1,2016
New Orleans Pelicans,20,36,55.7,4.8,11.2,42.9,4.9,13,38,9.3,26.6,35.2,2016
New York Knicks,18.4,34.5,53.4,6.2,14.2,43.6,6.4,15.2,42,8.6,24.4,35.2,2016
Oklahoma City Thunder,23,40.5,56.7,4.5,11.6,38.4,3.6,9.5,37.9,8.4,25.6,32.8,2016
Orlando Magic,18.8,33.6,56,5.6,13.6,40.9,5.3,13.7,39.1,8.5,25.7,33.2,2016
Philadelphia 76ers,20.7,36.8,56.3,3.9,10.2,38,2.9,8.5,34.5,10.1,29.5,34.1,2016
Phoenix Suns,21,37.1,56.7,5.9,14.2,41.5,5.5,14.6,37.3,7.5,22.3,33.6,2016
Portland Trail Blazers,19.1,35,54.6,4.7,10.7,44.4,5.3,12.7,41.8,10.4,27.5,37.7,2016
Sacramento Kings,19.3,34.4,56.3,4.4,11.1,39.8,5.1,12.7,40.2,8.9,23.6,37.8,2016
San Antonio Spurs,17.9,31,57.7,5.4,13.3,40.3,6.9,15.9,43.3,9.2,23.3,39.4,2016
Toronto Raptors,19.3,34,56.8,5.8,13.1,43.9,5.2,12.9,40.8,8.8,24.1,36.6,2016
Utah Jazz,18.9,32.6,58.2,5,11.5,43.3,3.4,9.4,36.2,9.6,25.8,37.4,2016
Washington Wizards,20.2,34.9,57.8,5.4,12.7,42.8,6.5,14.7,44.2,9.2,24.5,37.5,2016
Atlanta Hawks,20.1,35.4,56.8,3.8,9,41.7,4.8,11.6,41.4,9.9,28.2,35.2,2015
Boston Celtics,21.2,38.3,55.2,4.2,11,37.9,5.1,13.8,37.3,8.7,25.9,33.7,2015
Brooklyn Nets,20.2,37,54.5,5.6,13.7,40.8,6,15.3,39.2,6.5,18.2,35.5,2015
Charlotte Hornets,16.8,30.8,54.7,4.3,11.1,39.1,5.2,13.2,39.6,10.6,29.3,36.3,2015
Chicago Bulls,18.9,36.5,51.9,5.3,13.3,39.6,6.5,16.2,39.8,7.9,21.1,37.5,2015
Cleveland Cavaliers,19.3,33.2,58.2,4,10.7,37.4,4.6,10.5,43.9,10.7,29.5,36.3,2015
Dallas Mavericks,17,30.2,56.3,5,12.1,41.8,5.5,13.3,41.3,9.8,28.3,34.7,2015
Denver Nuggets,21.5,40.6,52.8,3.5,8.9,38.7,4.8,12.1,39.7,8,23.5,33.9,2015
Detroit Pistons,20,38.2,52.3,5,12,42,3.9,10,38.8,9,25.8,35,2015
Golden State Warriors,20.1,34.5,58.4,4.5,10.7,42.4,4.7,10.4,45.2,13.1,31.3,41.8,2015
Houston Rockets,21.4,38.2,55.9,3.1,7.5,40.7,2.6,6.8,38,10.7,30.5,35.1,2015
Indiana Pacers,18.5,31.8,58.1,4.6,11.7,39.8,7.1,18.6,38.1,8,22.7,35.3,2015
LA Clippers,17.2,28.5,60.1,4,9.4,42.6,7.4,17.7,41.7,9.5,26.1,36.6,2015
Los Angeles Lakers,16.8,32.2,52.3,5.4,13.9,39,5.1,14.2,35.9,7.7,24.2,32,2015
Memphis Grizzlies,20.1,38.9,51.8,4.9,11.8,41.5,5.6,14.4,39.2,6.1,18.2,33.4,2015
Miami Heat,20.9,35.5,59,5.5,13.3,41.2,6,14.9,40.1,6,17.8,34,2015
Milwaukee Bucks,23.9,43,55.7,4.3,11.4,38,4.7,12.3,38.6,5.3,15.2,35,2015
Minnesota Timberwolves,20.4,34.8,58.7,4,10.7,37.5,7.8,19.4,40.1,5.5,16.3,34,2015
New Orleans Pelicans,19,35.3,53.9,4.6,11.8,38.8,6.3,14.9,42,8.5,23.6,36.2,2015
New York Knicks,16.3,30.8,53,6.1,14.8,41.5,7,16.9,41.1,7.4,21.3,34.9,2015
Oklahoma City Thunder,21.5,37,57.9,6.2,12.9,48.1,5.2,12.7,40.9,8.3,23.6,35,2015
Orlando Magic,19.9,35.5,56.1,4.5,11.3,40.2,7.3,17.9,41,7.8,21.8,35.5,2015
Philadelphia 76ers,20.2,37.4,54.1,3.9,10.7,36,2.8,8.3,33.8,9.3,27.3,34.1,2015
Phoenix Suns,19.1,35.8,53.5,4.2,10.7,39.8,4.8,13.3,36.3,9,25.6,35.1,2015
Portland Trail Blazers,17.9,33.7,53.2,4.4,10.2,43.6,5.7,13.5,42.3,10.5,28.3,37.2,2015
Sacramento Kings,23.2,41.7,55.7,3.6,8.9,40.3,5.2,13.4,38.9,8,22.2,36.2,2015
San Antonio Spurs,19.5,32.3,60.2,6.7,15.5,43.4,7,16.6,42.1,6.9,18.3,37.9,2015
Toronto Raptors,19,34.8,54.8,4.8,11.9,39.9,4.2,11.3,37.3,8.6,23.1,37.4,2015
Utah Jazz,18.4,33.4,55.1,5.4,13.1,41.3,3.8,10.1,37.8,8.5,23.6,35.9,2015
Washington Wizards,19.3,33.2,58.3,5.1,12.3,41.1,6.5,16.1,40,8.6,23.9,36,2015
Atlanta Hawks,19.2,34.2,56.1,3.5,8.9,38.7,5.4,12.3,44.1,10,26.2,38.1,2014
Boston Celtics,19.1,34.9,54.9,4.7,11.5,40.8,7.1,17,41.6,8,24.4,33,2014
Brooklyn Nets,19.5,35.4,55.2,5.9,14.1,41.8,5.4,13.5,39.7,6.6,19.6,33.6,2014
Charlotte Hornets,16.2,31.8,50.9,5.6,13.9,40,7.7,19.8,39,6.1,18.9,32.2,2014
Chicago Bulls,19.1,36.2,52.8,4.2,10.9,38.3,5.4,13.5,40,7.9,22,35.7,2014
Cleveland Cavaliers,19.4,34.4,56.3,3.9,10.1,38,4.4,10.1,43.1,10,27.4,36.7,2014
Dallas Mavericks,19.8,34.4,57.7,4.4,10.4,42.5,6.5,15.6,41.8,8.9,25.3,35.3,2014
Denver Nuggets,20.7,38.8,53.3,4,10.5,38.6,5,13.2,37.9,8,24.5,32.8,2014
Detroit Pistons,21.1,41.6,50.7,3.2,8.3,38.2,4.2,11,38.6,8.6,24.6,34.8,2014
Golden State Warriors,20.2,34.3,59,5.2,12.3,42.7,5.3,13.4,39.7,10.8,26.7,40.3,2014
Houston Rockets,21.4,38.6,55.5,2.3,6.4,36.4,1.8,5.6,32.8,11.4,32.5,35,2014
Indiana Pacers,16.8,31.5,53.4,4.5,12,37.8,7.7,18.5,41.8,7.5,21,35.6,2014
Los Angeles Clippers,17,28.3,60,4.4,9.9,43.9,8,18.2,43.6,10.1,26.7,37.8,2014
Los Angeles Lakers,18.3,33,55.3,5.2,13.8,37.6,7.3,20,36.6,6.5,18.7,34.6,2014
Memphis Grizzlies,21,38.2,54.8,5.9,14.3,41.7,5.7,14.8,38.6,5.1,14.9,34.4,2014
Miami Heat,17.9,31,57.9,5,11.8,42.4,5.5,14.2,38.5,6.8,20,33.8,2014
Milwaukee Bucks,19.8,36.8,53.9,4.9,11.2,44.2,6.2,15.7,39.3,6.6,18.2,36.5,2014
Minnesota Timberwolves,19.2,35.8,53.5,5.1,12.9,39.8,7.1,19.5,36.6,4.9,14.7,33.5,2014
New Orleans Pelicans,20.9,38.8,53.8,4.3,10.8,40,5.6,14,39.8,7.1,19.1,37.4,2014
New York Knicks,14.9,29.4,50.8,5.1,12.7,40,8.3,20.2,41,6.8,19.5,35,2014
Oklahoma City Thunder,20.4,37.6,54.4,5.3,12.2,43.4,5.4,14.3,37.8,7.7,22.6,34.1,2014
Orlando Magic,20.3,37.6,54,4.5,11.5,39.4,5.9,14.2,41.6,6.8,19.3,35,2014
Philadelphia 76ers,19.7,39,50.7,2.4,7.6,31.5,3.1,9.7,32.2,8.4,26.1,32.3,2014
Phoenix Suns,19.3,34,56.8,5.9,13.7,42.9,5,13.1,38.3,8.5,24.7,34.4,2014
Portland Trail Blazers,17.5,30.5,57.4,5,12,41.6,6.4,16.3,39.3,9.8,27,36.3,2014
Sacramento Kings,20.8,39,53.4,4.5,10.6,42.2,5.8,14.6,39.5,5.6,16.3,34.5,2014
San Antonio Spurs,20.5,35.9,56.9,5.5,12.8,43.3,4.9,12.4,39.5,8.3,22.4,36.9,2014
Toronto Raptors,19.7,34.6,57,4.6,11.5,39.6,4.8,12,39.6,8.9,25,35.5,2014
Utah Jazz,19.4,34.6,56.2,3.9,10.2,38.2,4.6,12.7,36.3,7.4,21.5,34.6,2014
Washington Wizards,19,32.8,58.1,5.8,14.2,40.6,7.4,19,39,6.1,16.7,36.3,2014
Atlanta Hawks,18.3,32.5,56.4,4.8,11.4,41.7,4.9,11.8,41.2,9.4,25.6,36.5,2013
Boston Celtics,17.5,33.1,52.9,4.6,11.4,40.6,7.4,18.4,40.2,7,20.9,33.6,2013
Brooklyn Nets,16.8,30,55.9,5.3,12,43.9,5,12.5,40.5,8.6,23.1,37.3,2013
Charlotte Bobcats,18.6,33.5,55.7,5.1,12.8,39.7,6.3,17.9,35.2,6.3,17.7,35.5,2013
Chicago Bulls,17.5,33.7,51.9,4,10.9,36.5,7,17.8,39.3,6.2,17.5,35.2,2013
Cleveland Cavaliers,17.8,34.5,51.8,5.4,13.6,39.2,6.7,16.7,40.2,7.1,19.7,36.1,2013
Dallas Mavericks,18.6,31.8,58.3,6.1,14.4,42.1,6.2,14.5,42.7,8.8,22.7,38.7,2013
Denver Nuggets,21.7,39.9,54.5,3.3,9.2,36.3,4.7,12.9,36.7,8.5,23.6,36.2,2013
Detroit Pistons,24.8,45.4,54.7,3,8.5,35.7,4.8,13.7,34.8,6.2,19,32.5,2013
Golden State Warriors,19.2,34.2,56.2,4.9,12,40.7,5.9,14.4,41.2,9.4,24.6,38.4,2013
Houston Rockets,24.2,42.2,57.5,2.5,6.5,38.2,1.8,5.3,34,9.4,26.4,35.8,2013
Indiana Pacers,17.2,31.8,54.1,5.1,13.1,38.6,7,16.4,42.6,6.7,18.6,36.1,2013
Los Angeles Clippers,19.2,31.1,61.8,4.3,10.2,42.1,7.1,17.2,41.6,8.4,23.7,35.4,2013
Los Angeles Lakers,18.4,33.3,55.3,5,12.7,39.7,5.4,14.4,37.5,9.4,24.6,38.3,2013
Memphis Grizzlies,21.8,39.5,55.1,5.2,12.8,40.9,6.1,15.7,39,4.9,13.8,35.8,2013
Miami Heat,21,32.5,64.4,4,8.8,44.8,5.3,12.8,41.4,8.1,22.2,36.4,2013
Milwaukee Bucks,19.1,36.9,51.8,4.3,11.4,38.2,5.9,14.9,39.2,6.7,18.8,35.5,2013
Minnesota Timberwolves,22.1,39.7,55.7,4,11.1,36.2,5.4,15.2,35.7,7.3,21.2,34.4,2013
New Orleans Pelicans,20.8,39.5,52.6,4.9,11.8,41.3,6.2,15.2,40.9,5.9,15.6,38,2013
New York Knicks,15.7,28.1,55.8,4.4,10.9,40,7.6,18.3,41.6,9.2,24.6,37.6,2013
Oklahoma City Thunder,19.2,33,58.3,5.9,13.5,43.4,5.8,13.8,41.8,8.1,22.2,36.5,2013
Orlando Magic,17.4,32.4,53.7,4.9,11.7,42.3,7.6,19.2,39.9,6.9,19.2,35.6,2013
Philadelphia 76ers,23.4,44.7,52.4,3.8,10.2,37.3,3.6,9.7,37.2,7,22.3,31.5,2013
Phoenix Suns,19.3,33.6,57.5,5.2,12.9,40.6,4.8,11.9,40.2,9.3,24.8,37.5,2013
Portland Trail Blazers,17.5,31.4,55.6,4.6,12.3,37.7,7.6,18,42.3,9.4,25.1,37.4,2013
Sacramento Kings,20.1,37.1,54.1,4.9,11.9,41.1,5.9,15.5,38.2,6,17.9,33.5,2013
San Antonio Spurs,21.6,36.1,59.7,4.2,10.8,39.2,6.2,15.1,41.3,8.5,21.2,40.1,2013
Toronto Raptors,17.7,32.2,55,4.6,11.5,39.6,5.5,14.8,37.2,8.7,23.2,37.4,2013
Utah Jazz,19,34,55.8,4.4,11.8,37.4,6,16.1,37.1,6.6,18.9,35,2013
Washington Wizards,19.2,32.7,58.8,4.5,12.3,36.5,7.1,18.6,38.4,7.9,20.6,38.2,2013
Atlanta Hawks,19.3,32.8,58.9,3.2,8.3,38.4,6.5,16.8,38.9,8.6,23,37.4,2012
Boston Celtics,16.9,30.7,55,5.7,12.8,44,8.3,19,43.8,6.2,16.9,36.5,2012
Brooklyn Nets,18.8,34.5,54.3,4.6,11.6,39.5,4.9,12.3,40,7.7,21.3,36,2012
Charlotte Bobcats,17.8,34.9,51,4.4,12,36.8,6.5,17.2,37.9,5.7,16.8,34,2012
Chicago Bulls,18.3,34,53.8,5.1,13.8,37.3,6.8,18.5,36.7,5.4,15.2,35.7,2012
Cleveland Cavaliers,18.1,35.8,50.7,5.2,13.3,39.1,6.5,15.8,41.1,6.7,19.1,34.8,2012
Dallas Mavericks,17.8,31.7,56,7,17.2,41.1,6.6,15.3,43.1,7.4,19.6,37.7,2012
Denver Nuggets,27.5,47.5,58.1,3.4,9.4,35.9,3.5,9.8,35.2,6.4,18.2,34.9,2012
Detroit Pistons,22.3,41.5,53.6,2.8,8.2,34.3,5,13.7,36.5,6.3,17.3,36.2,2012
Golden State Warriors,16.8,31,54.3,5.4,13.5,39.8,8,19.1,41.8,8,19.6,40.8,2012
Houston Rockets,22.2,39,56.9,2.1,6.1,34.3,3.2,8.7,37.2,10.5,28.7,36.7,2012
Indiana Pacers,18.2,34,53.6,4.8,12.5,38,5.3,14.3,37.1,6.9,19.4,35.3,2012
Los Angeles Clippers,20.8,34.3,60.5,4,9.2,43.1,6.2,15.7,39.2,7.6,21.2,36.1,2012
Los Angeles Lakers,19.3,34.3,56.2,4,9.4,42.5,5.1,12.7,40.2,8.7,24.3,35.7,2012
Memphis Grizzlies,19.1,37.1,51.5,5.5,13.7,40.4,6.8,17.1,40,4.7,13.3,34.9,2012
Miami Heat,19.1,30,63.4,4,10.5,38.6,6.5,14.8,44.1,8.7,21.9,39.9,2012
Milwaukee Bucks,19.9,38.3,52,5,13.1,38.1,5.9,16,37,7.3,20.3,36.2,2012
Minnesota Timberwolves,19.5,36.1,54.1,3.6,9.1,39.3,7.3,18.5,39.3,5.5,17.9,30.7,2012
New Orleans Hornets,19.6,37.2,52.7,4.3,11.1,38.4,5.6,14.1,40.2,6.5,17.8,36.7,2012
New York Knicks,16.2,29.1,55.5,3.3,8.2,39.6,6.2,15.3,40.8,10.9,28.5,38,2012
Oklahoma City Thunder,19,32,59.4,5.8,13.2,43.8,6,14.7,40.9,7.3,19.2,37.9,2012
Orlando Magic,19.8,35.2,56.1,5.2,12.9,40.2,6.6,17.3,38.1,6.2,18.6,33.1,2012
Philadelphia 76ers,17.6,32.3,54.3,6.1,15,40.7,7.3,19.2,38.1,6.3,17.4,36.4,2012
Phoenix Suns,18.6,33.8,55,5,12.9,38.8,7.9,20,39.6,5.8,17.5,33.3,2012
Portland Trail Blazers,17.3,31.1,55.7,4.3,10.3,42.3,6.8,17.3,39.4,8.2,23,35.6,2012
Sacramento Kings,21.4,39.6,54.1,3.6,9.6,37.8,5.1,14.5,35.4,7.4,20.3,36.6,2012
San Antonio Spurs,20.8,35.6,58.5,4.6,11,41.8,5.6,13.2,42.4,8.1,21.3,37.9,2012
Toronto Raptors,17.6,30.8,57.2,5.1,12.6,40.7,6.7,17.9,37.2,7,20.2,34.5,2012
Utah Jazz,19.5,34.8,55.9,4.5,11.9,37.9,7,18.3,38.3,6.2,16.7,37.1,2012
Washington Wizards,16.5,30.7,53.7,5.7,15,37.9,6.6,17.6,37.7,6.6,18,36.8,2012
Atlanta Hawks,18.6,32.4,57.2,3.3,8.4,39.3,7.5,20,37.3,7.4,20,37.2,2011
Boston Celtics,15.7,28,56.1,5.7,13.7,41.6,8.6,20.5,42,5.5,14.9,37,2011
Charlotte Bobcats,16.3,31.2,52.3,4,10.8,36.7,9,24.8,36.3,4,13.3,30,2011
Chicago Bulls,18.6,33.9,54.9,5.1,12.1,41.9,7.4,19.9,37.2,6.3,16.7,38.1,2011
Cleveland Cavaliers,19.9,39,51,3.1,9.4,32.8,4.7,13.6,34.3,6.7,19.2,34.7,2011
Dallas Mavericks,16.5,29.7,55.5,6.3,15.8,39.7,6.1,14.3,42.2,7.5,22,34.2,2011
Denver Nuggets,25.2,43.5,57.9,3.3,8.3,39.4,3.9,10.2,38.5,6.6,19.5,33.7,2011
Detroit Pistons,19.3,37.1,52.1,4.2,11.2,37.2,6.4,17.1,37.6,4.8,13.6,35.2,2011
Golden State Warriors,17.5,32.6,53.8,4.2,10,42.3,8,19.4,41.3,7.9,20.3,39.1,2011
Houston Rockets,18.5,33.9,54.5,5.6,14.1,39.8,6.4,15.8,40.3,7.2,20,36.2,2011
Indiana Pacers,19,36.6,52,5,13.5,36.7,5.7,15.2,37.8,5.9,15.9,37.2,2011
Los Angeles Clippers,18.1,31.4,57.7,3.6,9,40.3,7.4,19,38.9,7.8,21.6,35.9,2011
Los Angeles Lakers,19.1,34.2,55.9,5.4,13.1,41.3,6.8,16.5,41.3,5.5,16.7,32.8,2011
Memphis Grizzlies,19.9,36.7,54.3,5.8,14.7,39.5,6.8,18,38.1,4.2,12.5,33.5,2011
Miami Heat,19.2,33,58.2,5.7,13.1,43.3,6.6,17.2,38.1,5.6,15.5,36,2011
Milwaukee Bucks,19.4,36,53.9,5.2,13.2,39.1,6.7,17.3,39,6.5,18.9,34.4,2011
Minnesota Timberwolves,19.4,35.7,54.2,3.2,9.7,33.1,5.9,15.3,38.8,7.2,21.4,33.5,2011
New Jersey Nets,15.2,28.9,52.5,5,12.7,39.8,6.4,16.6,38.4,7.7,22.3,34.4,2011
New Orleans Hornets,17.8,33.3,53.5,6,14.8,40.6,7.1,17.4,40.7,3.9,11.7,33.5,2011
New York Knicks,19.2,34,56.6,3.2,8.9,36,5.6,14.6,38,7.8,23.1,33.9,2011
Oklahoma City Thunder,19.1,32.6,58.5,5,12.8,39.4,6,13.8,43.7,7.2,19.8,36.1,2011
Orlando Magic,17.9,32.5,55.2,2.4,6.8,34.7,4,11.9,33.8,10.2,26.9,37.8,2011
Philadelphia 76ers,17,30.9,54.9,7.8,19.4,40.5,7.3,18.7,39.3,5.3,14.4,36.7,2011
Phoenix Suns,18.1,31.3,57.9,5.1,13,39.2,7.9,18.6,42.4,6.7,19.4,34.6,2011
Portland Trail Blazers,18.2,33.6,54.3,3.8,9.9,38.2,7.2,17.7,40.4,7.2,20.7,35,2011
Sacramento Kings,22.8,42.7,53.4,3.3,9.3,35.8,5.4,14.9,36.2,6.2,19.5,31.9,2011
San Antonio Spurs,21,36,58.2,4.7,11.9,39.6,5.5,13.5,40.6,8.4,21.2,39.5,2011
Toronto Raptors,17.2,30.5,56.5,4.1,10.7,37.9,7.5,20.5,36.6,5.5,16.1,34.4,2011
Utah Jazz,22.6,39.5,57.2,5.3,14.4,36.6,6.2,17.1,36.5,4.1,12.6,32.8,2011
Washington Wizards,20,35.8,55.7,4.3,12,36.2,7.1,18.8,37.5,5.2,16.1,32.1,2011
Atlanta Hawks,16.5,28.8,57.2,4.3,10.7,39.8,9.4,21.5,43.6,6.1,17.2,35.5,2010
Boston Celtics,19,31.9,59.4,4.8,11,44,8.1,19.2,42,5,13.5,36.7,2010
Charlotte Bobcats,19,35.2,54,3.8,9.6,39.7,7.5,18.2,41,4.8,14.4,33.3,2010
Chicago Bulls,19.6,34.6,56.7,3.9,10.1,39.1,7.3,18.4,39.7,6.2,17,36.8,2010
Cleveland Cavaliers,18.6,35.3,52.8,3.8,11.2,34.1,6.5,16.5,39.7,6.2,18,34.5,2010
Dallas Mavericks,16.8,28.1,59.6,5.6,13.5,41.4,7.2,15.6,46.1,7.9,21.3,36.8,2010
Denver Nuggets,21.3,37.3,57,2.8,7.5,37.3,6.2,15,41.4,8,20.5,39.2,2010
Detroit Pistons,19.2,34.1,56.2,5.2,13.7,38,7.1,18,39.7,5.7,15.1,38,2010
Golden State Warriors,19.9,35.2,56.5,3.8,11,34.7,7.6,18.4,41.2,8.3,21.1,39.6,2010
Houston Rockets,19.5,35.6,54.8,4.9,11.8,41.1,6,15.1,39.8,8.2,22.2,37.1,2010
Indiana Pacers,17.7,32.4,54.6,4.9,12.6,39.1,6.9,17.6,39,7.1,20,35.7,2010
Los Angeles Clippers,21.8,38.5,56.7,3.3,8.8,37.8,5.4,14.7,36.9,6.2,18.2,34.1,2010
Los Angeles Lakers,20,34.6,57.7,5.7,13.3,42.7,6.1,16.4,37.3,6.4,17.8,35.7,2010
Memphis Grizzlies,23.6,41.9,56.3,5.1,12.9,39.7,6.6,16.9,38.8,3.8,11,34.4,2010
Miami Heat,17.1,27.8,61.5,4.4,10.5,42,8.8,20.5,42.8,6.6,17.9,37.2,2010
Milwaukee Bucks,16.3,31.7,51.5,4.9,12.8,38,7.2,18.1,40,5.9,17.1,34.5,2010
Minnesota Timberwolves,18.9,36.5,51.7,4.7,12.5,37.8,6.9,17.5,39.6,7.2,18.7,38.2,2010
New Jersey Nets,17.4,32.5,53.5,5.3,13.9,38.6,7.3,18.3,39.8,5.6,16,34.8,2010
New Orleans Hornets,16.9,30.9,54.7,5.5,13.8,39.9,8.1,18.5,43.6,5.4,14.8,36.5,2010
New York Knicks,19.2,33.6,57.1,3.6,9.8,37.1,6.2,15,41.2,9.3,25.2,37,2010
Oklahoma City Thunder,19.4,33.3,58.3,5,12.7,39.3,7.1,17.5,40.3,5.9,17,34.9,2010
Orlando Magic,17.4,29.7,58.5,4,10,39.9,5.3,12.8,41.2,9.4,25.3,37,2010
Philadelphia 76ers,18.3,32.4,56.4,7.4,17.5,42.1,7.1,17.5,40.5,5.4,15,36,2010
Phoenix Suns,19,32,59.3,5.4,12.8,42.3,6.4,16.1,39.5,8.5,22.4,38.1,2010
Portland Trail Blazers,18.9,33.5,56.5,4.5,12.1,37.3,6.2,16.6,37.7,6.3,18,35,2010
Sacramento Kings,21,38.2,54.8,4.9,12.5,39.2,7.1,18.8,38,5.2,15.2,34.1,2010
San Antonio Spurs,19.3,33.5,57.8,5.3,12.8,41.4,5.4,13.5,40,8.4,20.9,39.9,2010
Toronto Raptors,20.9,36.7,57,5.3,12.2,43.3,8,20.2,39.4,4.2,13.1,32.1,2010
Utah Jazz,19.7,34.8,56.7,5.1,12.5,41.1,7.2,17.7,40.6,5.3,15.1,35.1,2010
Washington Wizards,19.2,34.9,55.1,5.3,13.9,37.9,7.9,20.7,37.9,4.8,14.3,33.6,2010
Atlanta Hawks,20.5,35.3,58.2,4.2,10.3,40.4,7.7,19.6,39.4,6.4,17.5,36.5,2009
Boston Celtics,20.3,34,59.6,4.6,10.9,42.1,6.1,14.4,42.5,6.1,17.3,35.2,2009
Charlotte Bobcats,20.4,37,55.3,3,8.1,37,5.8,15.6,37.2,5.6,16,35.1,2009
Chicago Bulls,18.3,33.4,54.9,5,11.9,42.1,9.9,24.9,39.8,4.3,12.8,33.4,2009
Cleveland Cavaliers,20.5,32.9,62.3,3.5,9.1,38.7,6.5,16.7,38.8,7.3,19.1,38.3,2009
Dallas Mavericks,17.1,30.2,56.5,6.1,15.1,40.1,8.4,18.8,44.4,6.8,18.1,37.7,2009
Denver Nuggets,20.4,34.8,58.7,4,10.5,37.9,7.1,17.7,40.1,6.6,18.3,36.3,2009
Detroit Pistons,17.5,32.1,54.7,6.4,15.5,41.5,7.3,18.5,39.7,4.5,14.3,31.7,2009
Golden State Warriors,19.2,32.9,58.2,4.4,10.8,40.6,9.3,22.2,41.9,7.7,20.3,38,2009
Houston Rockets,20,36.7,54.3,4.5,11.4,39.5,5.4,13.9,38.9,7.9,22.2,35.5,2009
Indiana Pacers,17.6,31.8,55.5,4.4,11,40.2,6.8,17.4,39,8,22.9,35,2009
Los Angeles Clippers,19.6,33.8,58.1,4.5,12.2,37,6.6,16.8,39.4,5.9,17.5,33.6,2009
Los Angeles Lakers,19.5,34.9,55.8,5.9,13.9,42.4,6.5,16,40.6,6.5,18.8,34.4,2009
Memphis Grizzlies,23,40.6,56.5,5.4,13.8,39.5,6.7,17,39.4,4.2,12.1,34.6,2009
Miami Heat,16.3,27.3,59.8,5.9,14.5,40.9,8.1,20.3,39.9,6,17.2,35,2009
Milwaukee Bucks,17.1,32.6,52.4,4.9,12.8,38,7.4,17.8,41.4,7.8,21.9,35.7,2009
Minnesota Timberwolves,19.9,35.4,56.3,6.4,16.9,38,6.6,17.7,37.4,4.9,14.1,34.7,2009
New Jersey Nets,18.2,33.9,53.6,4.8,13.4,36.2,6.7,18.2,36.9,4.6,14.3,31.9,2009
New Orleans Hornets,18.9,32.8,57.6,5.8,14.4,40.2,7.1,17,41.7,7,19,36.6,2009
New York Knicks,19.1,32.9,58.1,3.1,7.8,40,6.8,17,40.2,9,25.9,34.9,2009
Oklahoma City Thunder,19.8,34.4,57.4,5.4,13.4,40.3,7.1,18,39.2,5.1,14.9,34.3,2009
Orlando Magic,17.9,30,59.6,3.9,9.4,41.9,4.5,11.2,40.5,10.3,27,38,2009
Philadelphia 76ers,18.7,32.4,57.8,6.1,15.5,39.1,7.1,17.1,41.6,5.8,16.5,34.9,2009
Phoenix Suns,20,33.1,60.4,5.5,12.7,43.3,6.3,15.3,40.9,8.9,21.4,41.6,2009
Portland Trail Blazers,16.3,28,58.1,5.8,13.7,42.2,8.2,20.1,41,6,16.6,36.2,2009
Sacramento Kings,20.9,37.9,55.1,4.4,10.8,40.7,7.2,18.5,38.8,5.9,16.6,35.2,2009
San Antonio Spurs,20.3,34.2,59.3,4.6,11.7,39.7,6.7,16.5,40.8,6.7,18.7,36.1,2009
Toronto Raptors,19.7,32.8,60.1,4.9,11.8,41.8,8.1,19.3,41.9,6.3,16.5,38,2009
Utah Jazz,22.9,38.1,60.1,3.8,9.7,38.9,7.3,17.6,41.5,5.4,14.5,36.8,2009
Washington Wizards,17.2,31.8,54.1,5.1,12.6,40.3,9.1,22.4,40.8,5.3,14.7,35.8,2009
Atlanta Hawks,17.5,30,58.2,4.7,11.5,40.9,6.6,17.2,38.3,7.3,19.6,37,2008
Boston Celtics,19,32.7,58.1,4.5,10.8,41.4,7.5,17.2,43.4,6.5,16.4,39.9,2008
Charlotte Bobcats,18.6,35,53.1,3.4,8.7,39.4,7,16.8,41.5,6,16,37.2,2008
Chicago Bulls,17.7,32.3,54.6,4.3,11,38.9,10.2,24.5,41.7,6,15.5,38.8,2008
Cleveland Cavaliers,16.3,27.5,59.4,4,10.3,38.3,8.6,20.6,41.7,8,20.2,39.6,2008
Dallas Mavericks,15.3,27.1,56.4,6.8,15.7,43.6,9.1,19.9,45.6,7,19.7,35.3,2008
Denver Nuggets,20.8,35.5,58.7,2.9,8.8,33.3,6.9,17.1,40.1,6.7,17.7,37.6,2008
Detroit Pistons,15.5,27,57.3,6.4,15.5,41.4,9.9,24.4,40.6,4.6,13,35.3,2008
Golden State Warriors,20.2,36.2,56,3.7,10.2,36.6,8.7,21.7,40.3,6.7,17.7,37.7,2008
Houston Rockets,18,33.3,54,5.3,12.8,41.5,5.2,13.2,39.5,7.6,19.8,38.1,2008
Indiana Pacers,18.8,34.4,54.6,4.8,11.6,40.8,7.8,19.3,40.3,7.9,20.8,38.1,2008
Los Angeles Clippers,19,34.6,55,3.7,10.8,33.9,6.8,17.8,38.3,6.5,18,35.9,2008
Los Angeles Lakers,20.9,36,58.1,5.9,13.9,42.2,6.9,16.7,41.1,6.6,18.3,36.4,2008
Memphis Grizzlies,18.3,34.5,53,4.6,11.6,39.8,7.2,17.5,41.4,4.9,13.3,36.5,2008
Miami Heat,16.6,29,57.2,5.1,12.2,42,8.2,20.1,41.1,7.1,19.5,36.3,2008
Milwaukee Bucks,17.2,31.8,54.2,5.3,13.5,39.4,7.9,19.9,39.9,6.2,17,36.5,2008
Minnesota Timberwolves,19,35.5,53.5,4.4,12,36.4,6.4,16.2,39.6,6.6,18.5,35.8,2008
New Jersey Nets,17.1,30.8,55.7,4,10.6,37.7,6.6,17.2,38.3,7.9,21,37.8,2008
New Orleans Hornets,16.1,28,57.3,5.9,14.5,40.7,6.8,16.5,41,6.8,18.5,36.6,2008
New York Knicks,19.9,36,55.2,3.4,9.4,36.4,5.2,13.3,39.2,10,27.5,36.4,2008
Oklahoma City Thunder,19.8,35.8,55.3,5.3,14.3,37.3,7.4,20.2,36.7,4,11.4,35.3,2008
Orlando Magic,16.6,28.7,57.7,4.5,11.2,40.4,4.6,12.1,38.3,9.9,26,38.2,2008
Philadelphia 76ers,20.6,36.3,56.7,5.4,14,38.5,6.4,16.2,39.4,4.1,12.8,32.4,2008
Phoenix Suns,23.7,38.5,61.5,5.1,12.6,40.2,5.6,12.9,43.5,6.7,17.3,38.9,2008
Portland Trail Blazers,17.5,30.3,57.7,4.5,11.7,38.6,7.6,18.3,41.4,7.3,18.5,39.1,2008
Sacramento Kings,17.4,32.3,53.9,4.4,11.1,39.6,7.5,18.7,40.2,7.1,19.1,37.2,2008
San Antonio Spurs,16.5,28.8,57.3,4.5,11.2,40.4,8.5,20.3,41.7,7.6,19.1,39.5,2008
Toronto Raptors,15.5,27.2,56.9,5.4,14.5,37.5,10.5,24,43.8,5.8,15.5,37.7,2008
Utah Jazz,21.1,36.5,57.9,3.8,9.7,39.3,8.6,21,41.2,4.8,13.4,35.4,2008
Washington Wizards,19.4,34.7,55.7,4.6,12.1,37.6,7.8,19.7,39.4,4.8,14.5,33.3,2008
Atlanta Hawks,19.6,34.6,56.6,4,11.4,35.2,8,20.8,38.6,4.6,12.8,36.3,2007
Boston Celtics,17.8,31.4,56.8,4.1,10,40.8,7.2,16.2,44.7,7.3,18.9,38.6,2007
Charlotte Bobcats,18.5,33.4,55.4,4,10.7,37,7.2,18.3,39.5,6.5,17.5,36.9,2007
Chicago Bulls,16.1,31.2,51.7,4.9,13,37.2,9.7,23.6,41,5.8,15.7,36.9,2007
Cleveland Cavaliers,17.5,31.6,55.4,4.5,11.8,37.9,7.1,19.4,36.4,6.7,18.7,36.1,2007
Dallas Mavericks,14.9,26.7,55.9,7.2,16.4,44,8.7,19.3,45.3,6,16.8,35.9,2007
Denver Nuggets,21.7,37,58.6,4.5,11.4,39.3,7.2,17.9,40.4,6.9,19.1,36.2,2007
Detroit Pistons,14.7,25.2,58.4,5.9,14.9,39.3,10.1,23.6,42.8,5.9,16,37,2007
Golden State Warriors,23.3,40.2,57.9,2.9,8.1,36.5,6,15.5,39,9.3,26.3,35.3,2007
Houston Rockets,17.8,32.2,55.4,4.9,11.9,41.3,6.8,16.9,40.3,7.1,20.6,34.5,2007
Indiana Pacers,16.9,30,56.3,4.6,12.3,37.8,7.1,18.5,38.6,9.2,24.3,37.8,2007
Los Angeles Clippers,15.1,27.3,55.2,6,15.3,39.6,9,22.9,39.4,4.2,12.9,32.8,2007
Los Angeles Lakers,20.2,34,59.5,3.9,10.1,38.7,7.4,17.7,41.9,8.1,21.2,38.1,2007
Memphis Grizzlies,19.8,35,56.4,4.2,10.8,38.7,5.8,14.6,39.8,7.6,21.3,35.6,2007
Miami Heat,15.1,27,56.1,4.1,10.8,38,9,22.8,39.7,6,16.5,36.3,2007
Milwaukee Bucks,18.9,36.1,52.5,5,13,38.5,7.5,17.3,43.2,5.5,15.8,34.9,2007
Minnesota Timberwolves,19.8,36.4,54.6,5.5,14.3,38.2,6.8,17.1,40,5.4,15,35.9,2007
New Jersey Nets,17.2,32.3,53.2,3.5,8.8,39.5,8.1,20.1,40.4,6.1,17.1,35.4,2007
New Orleans Hornets,17.7,31.1,56.9,5.4,13.2,41.1,7.8,18.8,41.4,7.7,19.6,39.1,2007
New York Knicks,19.7,37.3,52.7,4,11.4,35.4,6.5,16,40.6,6,17.4,34.2,2007
Orlando Magic,19.2,32.3,59.4,4.2,10.7,39.2,4.2,10.4,40.2,9.8,25,39,2007
Philadelphia 76ers,20.5,35.5,57.7,6.1,15.6,39.4,6.9,18.4,37.8,3.7,11.2,32.6,2007
Phoenix Suns,20,31.7,63.1,5.1,12,42.8,7.8,17.5,44.4,8.5,21.4,39.5,2007
Portland Trail Blazers,13.4,24.3,55.2,5.5,13.4,41.2,10.3,24.8,41.6,6.5,16.9,38.5,2007
Sacramento Kings,18.8,33.6,55.8,4.1,10.5,38.5,8.1,19.1,42.2,6.2,16.5,37.6,2007
San Antonio Spurs,16.6,28.6,57.9,4.7,12.3,37.9,7.4,17.9,41.3,7.2,19.3,37.2,2007
Seattle SuperSonics,18.6,34.3,54.2,6,16.3,36.9,9.7,23.8,40.8,3.8,11.3,33.7,2007
Toronto Raptors,15.4,26.8,57.5,5,11.6,43.4,10.9,25.8,42.4,7,17.5,39.6,2007
Utah Jazz,21.9,36,60.6,4.2,10.1,41.6,9,21.1,42.9,4.9,12.9,37.8,2007
Washington Wizards,18.1,32,56.4,4.1,11.1,36.5,7.3,18.8,38.8,7,19.5,35.9,2007
Atlanta Hawks,17.9,33.2,53.9,3.6,9.1,40.1,8.9,22.9,38.8,4.1,12.5,33.2,2006
Boston Celtics,18,34.2,52.6,4.1,10.8,38.1,7,18.1,38.9,5.7,15.4,37.1,2006
Charlotte Bobcats,18.5,34.8,53.2,3.7,10.4,35.6,8.3,20.2,41,5.6,15.4,36.1,2006
Chicago Bulls,15.9,30,53.1,5,12.2,41.1,10.3,24,43.1,5.9,14.8,39.4,2006
Cleveland Cavaliers,19,33.8,56.3,4.8,12.9,37,6.5,17.4,37.5,6,16.9,35.4,2006
Dallas Mavericks,15.1,26.9,56.1,6.8,15.2,44.6,8.3,19.3,43.1,6.5,16.8,38.6,2006
Denver Nuggets,22.1,37.5,59,4,10.2,38.8,6.6,17.8,37.1,5.9,17.3,34.2,2006
Detroit Pistons,16.1,28.6,56.2,7.1,17.5,40.9,7.2,17.1,42.1,5.5,15.7,34.7,2006
Golden State Warriors,22.5,39,57.8,3,8.2,36.6,5.7,14.8,38.7,8.5,23.7,35.9,2006
Houston Rockets,16.1,30,53.7,4.8,11.8,40.4,6,14.8,40.5,8.6,22.9,37.4,2006
Indiana Pacers,16.7,31,53.9,5.8,15.1,38.5,6.7,17.1,39.2,5.8,16.7,35,2006
Los Angeles Clippers,15.7,27.7,56.7,7.9,18.7,42,7.7,19.6,39.4,3.9,10.8,35.7,2006
Los Angeles Lakers,19.5,34.2,57.1,4.3,10.1,42.4,6.6,16,41.5,7.4,20.7,35.7,2006
Memphis Grizzlies,19.8,35.5,55.8,4,10.3,38.8,6.7,16.3,41.1,6.1,16.3,37.2,2006
Miami Heat,18.8,31.8,59.1,3.9,10,38.7,6.5,16.2,40.2,6.4,18.5,34.7,2006
Milwaukee Bucks,21.4,37.8,56.5,4.6,11.1,41.5,5.7,15,37.9,6.4,17.8,35.9,2006
Minnesota Timberwolves,16,28.5,56.2,5.8,13.4,43.1,10.1,24.1,41.8,4.7,12.9,36.2,2006
New Jersey Nets,17.3,31.1,55.7,3.1,7.7,40.4,7.7,18.7,41.3,7.4,20.2,36.6,2006
New Orleans/Oklahoma City Hornets,19.4,36,53.9,4.6,12.5,36.6,6.7,17.6,38.2,5.5,15.2,36.5,2006
New York Knicks,21.7,38.9,55.9,2.8,8,34.7,5.2,14,37,5.7,16.4,35,2006
Orlando Magic,20.3,34.7,58.3,4.1,11.1,37,6.5,16.7,39.1,4.1,11.6,35.8,2006
Philadelphia 76ers,17.9,31.6,56.8,6,16.1,37.5,8.3,20.4,40.8,3.5,9.8,35.3,2006
Phoenix Suns,19.9,31.4,63.5,5,11.4,43.6,6.9,16.9,40.7,9.6,23.8,40.3,2006
Portland Trail Blazers,17.9,33.1,54.1,4,10.1,39.2,8,19.7,40.5,5.2,14.6,35.3,2006
Sacramento Kings,17.6,32,55,3.5,8.9,39.5,8.3,20.3,40.8,6.5,18.3,35.2,2006
San Antonio Spurs,18.7,31.4,59.5,4.5,11.1,40.8,6.2,15.8,39.2,7.2,18.8,38.3,2006
Seattle SuperSonics,19.5,34.7,56.2,5.8,14.7,39.2,5.5,13.7,40,6.4,17.5,36.6,2006
Toronto Raptors,16.3,28,58.2,4.7,12.2,38.3,9.5,21.8,43.7,6.5,17.6,36.7,2006
Utah Jazz,19.9,34.7,57.5,4.4,11,39.8,8.8,20.3,43.3,4.3,12.7,34,2006
Washington Wizards,18.2,32.5,56.2,3.3,8.7,38.1,9,22.3,40.4,6.9,19.5,35.1,2006
Atlanta Hawks,19.1,35.8,53.4,4.1,11.1,36.8,7.6,18.2,41.4,5.2,13.9,37.3,2005
Boston Celtics,18.6,33.5,55.5,4.1,10.3,40.4,7.6,17.6,43,5.6,15.5,36.4,2005
Charlotte Bobcats,18.5,34.6,53.6,4.3,11.7,36.6,8.1,21.8,37,5.2,15.1,34.5,2005
Chicago Bulls,15.9,30.5,52.3,4.8,11.6,41.2,9.1,22.1,41.2,6.8,17.8,38.3,2005
Cleveland Cavaliers,19.5,34.3,56.7,3.8,10.6,35.7,6.2,15.4,40,6.1,17.6,34.3,2005
Dallas Mavericks,16,30,53.3,7.3,17.2,42.5,7.6,17,44.7,5.1,13.3,38.2,2005
Denver Nuggets,20.3,35.2,57.8,3.8,10.3,36.8,9.2,22.8,40.2,4.2,12.8,33.1,2005
Detroit Pistons,14.8,25.9,57.3,6.9,16.5,41.5,7.9,19.9,39.8,6.8,17.6,38.5,2005
Golden State Warriors,18.6,34.2,54.5,3.1,8.7,35,6.5,17.5,37.3,7.6,22.1,34.4,2005
Houston Rockets,15.8,29.5,53.5,4.8,12.4,38.5,6.8,17.2,39.5,5.7,17,33.4,2005
Indiana Pacers,16.5,29.5,55.9,4.9,13.1,37.4,6,15.1,39.9,6.5,18.5,35.3,2005
Los Angeles Clippers,16.2,29,55.9,9.3,20.3,45.8,7.4,19,39.2,3.5,10.1,35.2,2005
Los Angeles Lakers,18,31.7,56.6,4.4,11.2,39.7,7.4,18.4,40,6.7,19.1,35.3,2005
Memphis Grizzlies,18.1,33.3,54.4,3,8.9,33.4,5.2,13.3,39.3,7.2,19.1,37.7,2005
Miami Heat,21.8,36,60.4,3.6,10.2,35.5,5.6,13.7,41,6,17.3,34.9,2005
Milwaukee Bucks,19,35.9,52.7,5,12.5,40.1,6.1,15.4,40,6.2,16.2,38.1,2005
Minnesota Timberwolves,16.3,28.8,56.6,5.5,13.6,40.8,9.6,23.5,40.9,3.8,11.2,33.7,2005
New Jersey Nets,15.8,29.7,53.1,3.6,10,36.2,8.7,19.8,43.9,5.8,17.3,33.4,2005
New Orleans/Oklahoma City Hornets,17.5,33.8,51.9,4.7,12.9,36.6,8.6,20.9,41.2,3.7,10.7,34.3,2005
New York Knicks,20.2,38.2,52.9,4.1,11.2,37,6.2,15.5,39.8,3.9,10.5,37,2005
Orlando Magic,18.8,34,55.1,4.9,12.1,40.2,8.2,19.4,42.5,3.6,9.5,38.1,2005
Philadelphia 76ers,19.1,34.6,55.2,5.9,15.1,39,7,17.6,40.1,4.6,12.4,36.8,2005
Phoenix Suns,16.8,27,62.4,4.9,12.1,40.1,9.9,22.7,43.7,10.2,25.4,40.1,2005
Portland Trail Blazers,17.5,32.5,53.8,3.8,9.6,39.3,8.4,21.6,38.7,4.4,12.5,35.4,2005
Sacramento Kings,17.3,29.7,58.1,2.8,7.4,38.1,9.9,24.9,39.7,6,17,35.4,2005
San Antonio Spurs,19.8,34.1,58,4.5,11.6,38.5,5.9,15.1,39,6.4,16.4,38.8,2005
Seattle SuperSonics,18.3,33.6,54.5,5.6,13.3,42,6.3,15.1,41.5,7.4,19.6,37.7,2005
Toronto Raptors,16.5,30,54.9,5.4,14,38.6,7.5,17.3,43.3,7.4,19.5,37.8,2005
Utah Jazz,17.4,31.9,54.7,3.7,10.1,37.2,8.5,22.5,37.6,3.8,11.1,34.2,2005
Washington Wizards,18.7,34.1,54.9,3.8,10,37.8,7.7,20.1,38.5,6.1,16.8,36,2005
Atlanta Hawks,20.8,39.5,52.7,4.3,13.5,32.2,7,16.6,42.5,3.7,11.6,31.9,2004
Boston Celtics,20.5,36.2,56.4,4.1,11.1,36.9,7.3,16.9,43.2,5.3,15,35.4,2004
Charlotte Bobcats,17,32.6,52.1,5.6,15.8,35.5,9.6,24.6,39.2,3.9,10.6,36.7,2004
Chicago Bulls,16.5,31.7,51.8,5.2,14,37,6.9,17.2,40.1,6.2,17.3,36,2004
Cleveland Cavaliers,19.4,35.2,55.2,6,16.3,36.6,7.4,19,39,3.7,11,33.5,2004
Dallas Mavericks,17.3,31.3,55.3,6.1,14.9,41.2,8.2,19.8,41.5,5.6,15.3,36.7,2004
Denver Nuggets,20.6,35.4,58.1,4.2,11.7,36.2,8.3,22.1,37.7,3.9,11.2,34.9,2004
Detroit Pistons,16.8,31.2,53.8,7.2,17.4,41.5,6.3,16.8,37.7,4.4,12.7,34.8,2004
Golden State Warriors,17.7,33,53.6,3.5,10,35.6,8.1,21.2,38.2,7.6,21.5,35.4,2004
Houston Rockets,14.9,27.3,54.6,5.1,12.4,40.9,8,20,39.9,6.7,18.3,36.6,2004
Indiana Pacers,14.9,27.9,53.4,5.3,13.2,40,5.7,15,38.4,6.6,19,34.7,2004
Los Angeles Clippers,17.5,31.5,55.6,6.2,15.5,40,9.1,22.5,40.5,2.8,7.9,35.5,2004
Los Angeles Lakers,17.9,33.8,53,3.7,9.7,38.4,5.8,15.2,38.2,7.8,21.7,36.1,2004
Memphis Grizzlies,19.3,36.1,53.4,3.2,8.8,35.9,5.3,13.5,39,6.5,17.9,36.2,2004
Miami Heat,20.2,33.5,60.2,4.5,11.8,38.4,7.2,17,42.6,5.8,15.2,38,2004
Milwaukee Bucks,17.9,34,52.5,6.8,17,40.3,7.5,18,41.6,4,11.1,35.6,2004
Minnesota Timberwolves,14.7,25.9,56.7,7.6,18,42.2,10,23,43.6,4.8,13.8,35.1,2004
New Jersey Nets,14.4,28.4,50.7,4.3,11.8,36.7,9.5,23.4,40.7,5.3,14.5,36.7,2004
New Orleans Hornets,15,29.4,51.1,4.6,12.3,37.4,8.5,22.2,38.1,5,15.9,31.7,2004
New York Knicks,17.5,32.2,54.3,5.2,13,40.2,8.2,20.2,40.7,5.4,14.8,36.3,2004
Orlando Magic,18.1,32.7,55.5,6,15.1,39.5,9,22.5,40,3.9,11,35.3,2004
Philadelphia 76ers,18.4,33.9,54.2,4.6,13,35.1,6.8,17.5,39,6.2,17.6,35,2004
Phoenix Suns,19.2,31.7,60.4,5.9,14.4,40.8,6.1,14.8,41.5,9.7,24.3,39.8,2004
Portland Trail Blazers,19.7,36,54.7,4.1,11.5,35.7,6.4,16.7,38.5,5.1,13.9,36.4,2004
Sacramento Kings,17.2,30.1,57,3.6,9.3,38.9,11.9,28.6,41.5,6.4,16.9,37.8,2004
San Antonio Spurs,19.7,35.3,55.9,4.7,12.8,37,5,13.6,36.9,6.1,16.7,36.6,2004
Seattle SuperSonics,17.1,31.8,53.8,4.9,12.2,40.2,5,13.1,38.5,8.1,22,36.9,2004
Toronto Raptors,16,30.4,52.6,5.4,13.6,40,6.7,16.7,40.2,7.9,20.2,38.9,2004
Utah Jazz,17,30.9,55,4.8,12.6,37.8,9.7,24.2,40.2,3,8.9,33.4,2004
Washington Wizards,18.7,34.7,54,4.4,12.8,34.4,6.8,17.1,39.6,6.2,18,34.6,2004
Atlanta Hawks,17.1,32.9,51.9,5.6,15.1,37.1,6.7,16.3,40.9,5.1,15.2,33.7,2003
Boston Celtics,16.2,29.9,54.2,4.4,11.5,38.6,7.3,17.4,42,6.7,19.3,34.9,2003
Chicago Bulls,15.6,31.1,50.4,5.1,14.7,34.7,8.1,21.3,38.2,5.2,15.1,34.6,2003
Cleveland Cavaliers,19.1,36.7,52,7.6,19.9,38.2,6,16.2,36.8,3,9.4,32,2003
Dallas Mavericks,20.3,36.2,56.2,6.2,14.9,41.8,7.8,19.3,40.2,6.2,17.5,35.3,2003
Denver Nuggets,19.5,35.2,55.5,4.8,12.9,37,8.2,22.3,36.6,4,11.9,33.9,2003
Detroit Pistons,17.8,34.1,52.2,6.5,17.4,37.4,5.1,13.8,37.4,4.1,11.7,34.7,2003
Golden State Warriors,18.9,34.9,54.1,4.1,11.6,35.2,6.9,17.3,39.9,5.2,15.4,33.9,2003
Houston Rockets,15,28.2,53.2,5.8,14.3,40.5,6.4,16,39.7,6.3,16.8,37.2,2003
Indiana Pacers,16,30.6,52.3,5.9,15.8,37.6,6.2,15.1,40.8,5.5,15.5,35.4,2003
Los Angeles Clippers,19.2,36.3,53,5,13.9,35.7,6.1,17.5,35,4,12.3,32.5,2003
Los Angeles Lakers,20.3,35,57.9,4.9,13.5,36.2,7.3,19.3,37.9,4.4,13.4,33.2,2003
Memphis Grizzlies,21.1,38.8,54.3,3.7,10.9,34.1,5.9,15.5,38.2,5.4,15.7,34.5,2003
Miami Heat,16.3,31.2,52.1,4.2,12.4,33.9,6.9,18.1,38.2,5.9,16.2,36.3,2003
Milwaukee Bucks,18.7,34.7,53.9,7,17.9,39.3,5.6,14.5,38.4,4.9,13.8,35.4,2003
Minnesota Timberwolves,13.9,24.6,56.5,8.8,20.5,42.8,10.4,24.1,43.1,3.9,10.7,36.9,2003
New Jersey Nets,17.9,32.1,55.7,3.9,11.2,35.2,7.9,20.8,38,4.6,13.5,34.1,2003
New Orleans Hornets,16,30.6,52.5,4.7,12.8,36.7,6.6,16.8,39.1,6.5,20.1,32.1,2003
New York Knicks,15.2,29.2,52.1,7.5,17.8,42.2,7.4,18.8,39.6,5,13.4,37,2003
Orlando Magic,15,29.5,50.9,6.1,15.3,40,9.1,22.6,40.3,5.2,15.1,34.5,2003
Philadelphia 76ers,16.3,31.2,52.2,6,16.6,35.9,6.3,16.5,38.5,4.1,12,34.5,2003
Phoenix Suns,18.9,33.8,56,5.8,15.8,36.4,6.4,17.1,37.1,5.1,14.4,35.1,2003
Portland Trail Blazers,18.3,33.9,54.1,5.9,14.4,41.2,6.5,17.2,37.5,4.6,13.2,35,2003
Sacramento Kings,17.4,31.2,55.8,3.3,9.2,36.3,9.8,23.2,42.1,7.3,18,40.7,2003
San Antonio Spurs,18.4,34.2,53.7,5.5,14.6,37.3,5.8,15.7,37,5,13.7,36.2,2003
Seattle SuperSonics,16.6,29.6,56.1,4.9,12.5,38.8,5.6,14.7,38,8.8,23.3,37.7,2003
Toronto Raptors,13.9,26.1,53.2,5.2,14.9,35.2,7.6,20.6,36.8,5.6,15.6,35.9,2003
Utah Jazz,16.5,31.6,52.2,3.4,9.5,36.3,9.8,24.7,39.6,3.1,9.3,32.8,2003
Washington Wizards,17.9,34.6,51.5,4.4,12.8,34.4,6.1,17.1,35.7,5.3,15.4,34.5,2003
Atlanta Hawks,15.8,30.1,52.5,7.3,17.6,41.2,6.9,16.8,41.1,4.9,13.7,35.7,2002
Boston Celtics,15.6,29.3,53.3,4.1,11.8,34.6,4.5,12,37.3,8.7,26,33.6,2002
Chicago Bulls,19.8,36.7,53.9,5.9,15.8,37.2,6.6,17.2,38.1,4.2,12,35.5,2002
Cleveland Cavaliers,18,34.8,51.8,6.8,18.8,36.1,6.4,17.8,35.9,3.5,10.5,33.7,2002
Dallas Mavericks,16.7,29.6,56.2,6.1,14.7,41.7,8,20.6,39.1,7.7,20.1,38.3,2002
Denver Nuggets,17.4,34.9,49.9,4.8,13.2,36.1,7.8,21.7,36.1,2.8,9.9,28.1,2002
Detroit Pistons,14.5,27.3,52.9,5.4,14.4,37.6,6.6,16.7,39.3,6.5,18,36.1,2002
Golden State Warriors,19.9,37.6,53,5.2,13.3,39.4,7,18.7,37.3,5.2,14.9,34.8,2002
Houston Rockets,17.5,31.9,54.8,5.1,13.5,37.5,6.8,18,37.6,5.3,15.1,35.1,2002
Indiana Pacers,17.3,31.6,54.8,6.4,17.1,37.4,7.2,18.2,39.2,4.6,13.5,34.2,2002
Los Angeles Clippers,19.5,36.1,53.9,5.2,15.2,34.4,5.1,13.5,38.1,4.8,14.1,33.8,2002
Los Angeles Lakers,18.9,32.9,57.4,5.3,15.3,35,7.6,18.9,40.4,5.9,16.4,35.9,2002
Memphis Grizzlies,19.1,34.5,55.2,5.3,14.2,37.1,7.2,18,39.9,5.7,15.4,37,2002
Miami Heat,13.9,27.1,51.4,5.7,15.3,37.1,9,23.7,37.7,4.2,13.1,32.3,2002
Milwaukee Bucks,16.1,29.1,55.5,8,19.2,41.8,5.8,14.4,40.3,7.1,18.4,38.7,2002
Minnesota Timberwolves,17,29.7,57.1,6.8,16.4,41.2,11.3,27.1,41.8,3.6,9.7,37.1,2002
New Jersey Nets,19.2,34.8,55.1,4.5,12.2,37,7.6,20.7,36.5,4.2,12.5,33.8,2002
New Orleans Hornets,15.9,30.7,51.6,7.3,18.1,40.3,7.4,19.7,37.7,4.9,13,37.8,2002
New York Knicks,13,25.3,51.4,8.5,19.3,44,7.4,18.2,40.4,7.4,19.1,38.6,2002
Orlando Magic,15.4,29,53.2,3.7,9.8,37.5,10,24.4,40.8,6.9,19.2,36,2002
Philadelphia 76ers,20.7,37.7,54.8,6.1,17.4,35.4,6.5,16.3,39.8,3,9.5,31.4,2002
Phoenix Suns,18.8,35.4,53.2,6,15.6,38.4,7,17.6,39.8,4.8,13.7,34.8,2002
Portland Trail Blazers,19.8,34.5,57.3,5.6,13.6,41.5,6.4,17.1,37.4,4.6,13.6,33.7,2002
Sacramento Kings,19.4,33.5,57.8,4.1,11.1,36.8,10.2,25,40.6,6,15.3,38.9,2002
San Antonio Spurs,20.1,35.5,56.6,5.2,13.3,39.5,4.7,12.5,37.3,5.5,15.3,35.6,2002
Seattle SuperSonics,16.5,30.9,53.4,5.8,13.7,42.1,7.4,20.1,36.7,5.5,15.6,35.6,2002
Toronto Raptors,16.1,30.2,53.3,5.7,15.2,37.2,8,21.4,37.4,5,14.4,34.7,2002
Utah Jazz,18.3,31.6,57.8,4.8,12.6,37.7,9.5,23.5,40.6,2.7,7.6,35.6,2002
Washington Wizards,13.6,25.8,52.7,7.5,18.2,41.3,10.2,24.1,42.2,3.1,9.9,31.3,2002
